source_zip,member,date_a,date_b
part1.zip,part1.txt,2025-06-03,2025-06-04
part1.zip,part1.txt,2025-06-04,2025-06-08
part1.zip,part1.txt,2025-06-08,2025-06-09
part1.zip,part1.txt,2025-06-09,2025-06-10
part1.zip,part1.txt,2025-06-10,2025-06-11
part1.zip,part1.txt,2025-06-11,2025-06-12
part1.zip,part1.txt,2025-06-12,2025-06-15
part1.zip,part1.txt,2025-06-15,2025-06-16
part1.zip,part1.txt,2025-06-16,2025-06-18
part1.zip,part1.txt,2025-06-18,2025-06-21
part1.zip,part1.txt,2025-06-21,2025-06-22
part1.zip,part1.txt,2025-06-22,2025-06-23
part1.zip,part1.txt,2025-06-23,2025-06-24
part1.zip,part1.txt,2025-06-24,2025-06-25
part1.zip,part1.txt,2025-06-25,2025-06-26
part1.zip,part1.txt,2025-06-26,2025-06-27
part1.zip,part1.txt,2025-06-27,2025-06-28
part1.zip,part1.txt,2025-06-28,2025-06-29
part1.zip,part1.txt,2025-06-29,2025-06-30
part1.zip,part1.txt,2025-06-30,2025-07-01
part1.zip,part1.txt,2025-07-01,2025-07-02
part1.zip,part1.txt,2025-07-02,2025-07-03
part1.zip,part1.txt,2025-07-03,2025-07-04
part1.zip,part1.txt,2025-07-04,2025-07-05
part1.zip,part1.txt,2025-07-05,2025-07-06
part1.zip,part1.txt,2025-07-06,2025-07-07
part1.zip,part1.txt,2025-07-07,2025-07-08
part1.zip,part1.txt,2025-07-08,2025-07-09
part1.zip,part1.txt,2025-07-09,2025-07-10
part1.zip,part1.txt,2025-07-10,2025-07-11
part1.zip,part1.txt,2025-07-11,2025-07-12
part1.zip,part1.txt,2025-07-12,2025-07-13
part1.zip,part1.txt,2025-07-13,2025-07-14
part1.zip,part1.txt,2025-07-14,2025-07-15
part1.zip,part1.txt,2025-07-15,2025-07-16
part1.zip,part1.txt,2025-07-16,2025-07-17
part1.zip,part1.txt,2025-07-17,2025-07-18
part1.zip,part1.txt,2025-07-18,2025-07-19
part1.zip,part1.txt,2025-07-19,2025-07-20
part1.zip,part1.txt,2025-07-20,2025-07-21
part1.zip,part1.txt,2025-07-21,2025-07-22
part1.zip,part1.txt,2025-07-22,2025-07-23
part1.zip,part1.txt,2025-07-23,2025-07-24
part1.zip,part1.txt,2025-07-24,2025-07-25
part1.zip,part1.txt,2025-07-25,2025-07-26
part1.zip,part1.txt,2025-07-26,2025-07-27
part1.zip,part1.txt,2025-07-27,2025-07-28
part1.zip,part1.txt,2025-07-28,2025-07-29
part1.zip,part1.txt,2025-07-29,2025-07-30
part1.zip,part1.txt,2025-07-30,2025-07-31
part2.zip,part2.txt,2025-06-01,2025-06-03
part2.zip,part2.txt,2025-06-03,2025-06-04
part2.zip,part2.txt,2025-06-04,2025-06-05
part2.zip,part2.txt,2025-06-05,2025-06-06
part2.zip,part2.txt,2025-06-06,2025-06-07
part2.zip,part2.txt,2025-06-07,2025-06-08
part2.zip,part2.txt,2025-06-08,2025-06-09
part2.zip,part2.txt,2025-06-09,2025-06-10
part2.zip,part2.txt,2025-06-10,2025-06-11
part2.zip,part2.txt,2025-06-11,2025-06-12
part2.zip,part2.txt,2025-06-12,2025-06-13
part2.zip,part2.txt,2025-06-13,2025-06-14
part2.zip,part2.txt,2025-06-14,2025-06-15
part2.zip,part2.txt,2025-06-15,2025-06-16
part2.zip,part2.txt,2025-06-16,2025-06-17
part2.zip,part2.txt,2025-06-17,2025-06-18
part2.zip,part2.txt,2025-06-18,2025-06-19
part2.zip,part2.txt,2025-06-19,2025-06-21
part2.zip,part2.txt,2025-06-21,2025-06-23
part2.zip,part2.txt,2025-06-23,2025-06-24
part2.zip,part2.txt,2025-06-24,2025-06-25
part2.zip,part2.txt,2025-06-25,2025-06-26
part2.zip,part2.txt,2025-06-26,2025-06-27
part2.zip,part2.txt,2025-06-27,2025-06-28
part2.zip,part2.txt,2025-06-28,2025-06-29
part2.zip,part2.txt,2025-06-29,2025-06-30
part2.zip,part2.txt,2025-06-30,2025-07-01
part2.zip,part2.txt,2025-07-01,2025-07-02
part2.zip,part2.txt,2025-07-02,2025-07-03
part2.zip,part2.txt,2025-07-03,2025-07-04
part2.zip,part2.txt,2025-07-04,2025-07-05
part2.zip,part2.txt,2025-07-05,2025-07-06
part2.zip,part2.txt,2025-07-06,2025-07-07
part2.zip,part2.txt,2025-07-07,2025-07-08
part2.zip,part2.txt,2025-07-08,2025-07-09
part2.zip,part2.txt,2025-07-09,2025-07-10
part2.zip,part2.txt,2025-07-10,2025-07-11
part2.zip,part2.txt,2025-07-11,2025-07-12
part2.zip,part2.txt,2025-07-12,2025-07-13
part2.zip,part2.txt,2025-07-13,2025-07-14
part2.zip,part2.txt,2025-07-14,2025-07-15
part2.zip,part2.txt,2025-07-15,2025-07-16
part2.zip,part2.txt,2025-07-16,2025-07-17
part2.zip,part2.txt,2025-07-17,2025-07-18
part2.zip,part2.txt,2025-07-18,2025-07-19
part2.zip,part2.txt,2025-07-19,2025-07-20
part2.zip,part2.txt,2025-07-20,2025-07-21
part2.zip,part2.txt,2025-07-21,2025-07-22
part2.zip,part2.txt,2025-07-22,2025-07-23
part2.zip,part2.txt,2025-07-23,2025-07-29
part2.zip,part2.txt,2025-07-29,2025-07-30
part3.zip,part3.txt,2025-06-01,2025-06-02
part3.zip,part3.txt,2025-06-02,2025-06-03
part3.zip,part3.txt,2025-06-03,2025-06-07
part3.zip,part3.txt,2025-06-07,2025-06-09
part3.zip,part3.txt,2025-06-09,2025-06-10
part3.zip,part3.txt,2025-06-10,2025-06-11
part3.zip,part3.txt,2025-06-11,2025-06-12
part3.zip,part3.txt,2025-06-12,2025-06-13
part3.zip,part3.txt,2025-06-13,2025-06-14
part3.zip,part3.txt,2025-06-14,2025-06-15
part3.zip,part3.txt,2025-06-15,2025-06-16
part3.zip,part3.txt,2025-06-16,2025-06-30
part3.zip,part3.txt,2025-06-30,2025-07-04
part3.zip,part3.txt,2025-07-04,2025-07-05
part3.zip,part3.txt,2025-07-05,2025-07-06
